{"train_loss":0.40195518732070923,"train_accuracy":0.8500000238418579,"_timestamp":1.73712187210748e+09,"_wandb":{"runtime":422},"_runtime":422.49493426,"_step":2094}